<?xml version="1.0"?>
<ruleset name="App">
    <config name="installed_paths" value="../../cakephp/cakephp-codesniffer"/>

    <exclude-pattern>*tests/js/*</exclude-pattern>

    <rule ref="CakePHP"/>
    <rule ref="CakePHP.Commenting.FunctionComment.Missing">
        <severity>0</severity>
    </rule>
    <rule ref="CakePHP.Commenting.FunctionComment.MissingParamTag">
        <severity>0</severity>
    </rule>
    <rule ref="CakePHP.Commenting.FunctionComment.MissingReturn">
        <severity>0</severity>
    </rule>
    <rule ref="CakePHP.Commenting.FunctionComment.MissingParamComment">
        <severity>0</severity>
    </rule>
    <rule ref="CakePHP.Commenting.FunctionComment.MissingParamComment">
        <severity>0</severity>
    </rule>
    <rule ref="SlevomatCodingStandard.TypeHints.ReturnTypeHint.MissingAnyTypeHint">
        <severity>0</severity>
    </rule>
    <rule ref="SlevomatCodingStandard.TypeHints.ParameterTypeHint.MissingAnyTypeHint">
        <severity>0</severity>
    </rule>
</ruleset>
